"source","device","model_id","variant_id","seed_index","planned_owner","is_planned_owner","status","epochs_completed","history_rows","parameter_count","active_parameter_count","family","architecture_name","description","purpose","comparison_role","generic_pair_enabled","stf_a1_enabled","stf_out_enabled","carrier_mode","gated_identity_initialization","best_epoch","train_loss","validation_loss","final_train_loss","final_validation_loss","test_mae","test_sae","test_rmse","test_r2","duration_seconds","mean_epoch_seconds","d6_passed","d6_local_relative_l2","d6_world_relative_l2","world_rotation_relative_l2","trial_hash","study_hash","source_sha256","history_sha256","best_sha256","final_sha256","gate_audit_sha256","split_manifest_hash","split_indices_sha256","finished_at_utc","host","python","torch","cuda","comet_project","comet_experiment_name","comet_experiment_key","comet_url","local_model_directory","is_primary"
"CPU","cpu","G101","1","1","CPU","True","complete","500","501","36178","14926","e311_fixed_shape_audit","E311 fixed-shape mechanism audit","E311 control with generic pairs off and both STF directions active","Fresh paired-seed E311 control under the G CPU protocol","control","False","True","True","direct","","496","1.0165364318045448e-05","1.0824590178715394e-05","1.0639845260129733e-05","1.1468085375768147e-05","0.0008656745155001571","103.88094186001885","0.001350630567046454","0.9999891597832052","35972.84660099447","71.62326498283446","True","3.5442271381458985e-07","3.4349120623273225e-07","9.169302787868996e-06","8159687f0a3eafc1c0b9620f5ff82dcec0594034dbb3ad00677e1c1ef66b63bd","efc7bcaf9ccc441246f0b14e73529cb58d157cf972b503c4e2e38c45b9cf9ef9","c3d2a52ac9236c5739798a7a096ec592abe55daa7d4a766c43ce099e7d7dc513","bda84c615f7ce9d005f30c41a63a3274d8eabcec0da665017ab2fb3d21e04577","ce140424a17e2db273243b952609e0f41dafce867cb074c91c9469b7532dc4f8","85b863e050793a15549561249e85df380b4839b95e4716e95f8a9aa513e55e19","35e476e246936ab2b7310e110eb654c77edf440c8edbcf5c6e2ca28ac07f5075","3a64eb6ac96805aad4fe41ef1fd44a0cdc2417d193f8c0852244780a3563ec98","50e6bf0e32c1bb9b0bddb689097a4a38a5d74a5bcf12b0fc8471f6b1f4cf50b1","2026-08-20T15:11:28.047470+00:00","autodl-container-78e6489fef-d01a013d","3.12.13","2.13.0+cpu","","tfenn_g_series_e311_mechanisms_cpu","G101","2ef5616b2fea43e1afa07f6e2988c99e","https://www.comet.com/jerry2/tfenn-g-series-e311-mechanisms-cpu/2ef5616b2fea43e1afa07f6e2988c99e","D:\Python\Projects\TFENN\outputs\01a01d6b-0968-72a2-8e04-492ad143a944\g_series_48_model_collection_20260822\raw\CPU\models\G101","True"
"CPU","cpu","G102","2","1","CPU","True","complete","500","501","36178","14906","e311_fixed_shape_audit","E311 fixed-shape mechanism audit","Generic pairs off with only the a1 STF direction active","Measure the out-stage STF contribution","candidate","False","True","False","direct","","496","9.687411495671046e-06","1.046229839553278e-05","1.0588080991169591e-05","1.1272208498711328e-05","0.000842275407255794","101.07304887069529","0.0013133820681230425","0.9999897494543486","35911.801400877535","71.48659187541902","True","2.677715167555622e-07","4.6613226100965994e-07","1.2435657386498192e-05","ded581b0fd14896e41551f2d57a670480e15b114955b779c7fcf1b730d87bb29","efc7bcaf9ccc441246f0b14e73529cb58d157cf972b503c4e2e38c45b9cf9ef9","c3d2a52ac9236c5739798a7a096ec592abe55daa7d4a766c43ce099e7d7dc513","93f4d315dd43ff07c6224539b99e83511131949c79550b73eaf1214480129c77","e14cd9302c9c71b61cc0c5a1b51904517704b5b45b23a063f6bf4bfedac3ad15","be1851de933d5c8ee45471184c5b295b199b4000f495b181a28a2a4e60bfa10d","0e86c5d2867a01adba810869f261df300bc17317da0085b534dc4e5fc15f114d","3a64eb6ac96805aad4fe41ef1fd44a0cdc2417d193f8c0852244780a3563ec98","50e6bf0e32c1bb9b0bddb689097a4a38a5d74a5bcf12b0fc8471f6b1f4cf50b1","2026-08-20T15:10:27.964717+00:00","autodl-container-78e6489fef-d01a013d","3.12.13","2.13.0+cpu","","tfenn_g_series_e311_mechanisms_cpu","G102","8f0c3cc94f344cbca0d1f34c54851cbb","https://www.comet.com/jerry2/tfenn-g-series-e311-mechanisms-cpu/8f0c3cc94f344cbca0d1f34c54851cbb","D:\Python\Projects\TFENN\outputs\01a01d6b-0968-72a2-8e04-492ad143a944\g_series_48_model_collection_20260822\raw\CPU\models\G102","True"
"CPU","cpu","G103","3","1","CPU","True","complete","500","501","36178","14906","e311_fixed_shape_audit","E311 fixed-shape mechanism audit","Generic pairs off with only the out STF direction active","Measure the a1-stage STF contribution","candidate","False","False","True","direct","","497","1.515759087009891e-05","1.664924532385601e-05","1.647042695935852e-05","1.88720468971191e-05","0.0010495115840390608","125.9413900846873","0.0016581435862986472","0.9999836616163408","36609.77294725925","72.82799770523607","True","2.7257965742665404e-07","2.4804361071127433e-07","7.85508548947189e-06","65ef4286643c8934b7a64bdf7c1f95f3d1ac71476738ddf9e832ea2d46b03dd9","efc7bcaf9ccc441246f0b14e73529cb58d157cf972b503c4e2e38c45b9cf9ef9","c3d2a52ac9236c5739798a7a096ec592abe55daa7d4a766c43ce099e7d7dc513","88bbe145ccb3ebca2ac30fe5014bcacb2676d46251702850ab09780451bb3d36","59b61743763547a5e8238ee02289d851e5b3f1e7d9c36c06994ae4ba3cd3d2b3","aaa527d8b1908556ef85645cd7db9519eab0e64fa06f1f2949356e85a82ae873","b6755dc6633a3607d1de50bfb6fb962b5f6486f1179faebe0ba6e7e479ad1939","3a64eb6ac96805aad4fe41ef1fd44a0cdc2417d193f8c0852244780a3563ec98","50e6bf0e32c1bb9b0bddb689097a4a38a5d74a5bcf12b0fc8471f6b1f4cf50b1","2026-08-20T15:22:08.390676+00:00","autodl-container-78e6489fef-d01a013d","3.12.13","2.13.0+cpu","","tfenn_g_series_e311_mechanisms_cpu","G103","ddaae5de56ef4352ae27934a8452f97d","https://www.comet.com/jerry2/tfenn-g-series-e311-mechanisms-cpu/ddaae5de56ef4352ae27934a8452f97d","D:\Python\Projects\TFENN\outputs\01a01d6b-0968-72a2-8e04-492ad143a944\g_series_48_model_collection_20260822\raw\CPU\models\G103","True"
"CPU","cpu","G104","4","1","CPU","True","complete","500","501","36178","14886","e311_fixed_shape_audit","E311 fixed-shape mechanism audit","Generic pairs off with both covariant STF directions inactive","Measure the combined covariant STF contribution","candidate","False","False","False","direct","","488","1.8954169570250275e-05","2.006298984702351e-05","2.0856489257425892e-05","2.780480225959333e-05","0.001172847663477032","140.74171961724386","0.0018879737404239464","0.9999788184997068","35788.675460428","71.25545424735546","True","2.224018940114041e-07","2.035299841699495e-07","1.0007232176284204e-05","1863902ebeb51c163c224d9575aae38ff435793529da8ef51bc79e429a8931ca","efc7bcaf9ccc441246f0b14e73529cb58d157cf972b503c4e2e38c45b9cf9ef9","c3d2a52ac9236c5739798a7a096ec592abe55daa7d4a766c43ce099e7d7dc513","ef15c89b3b3cebdcaf9eb53335358f36768287aad8c8ee37bd31d1f5d3f5e505","b8872c77220cba14554a297cf151b0f24b987abebdaf6692c7d5653366811081","e7259354ddbf555b599574dae0057518d07e2d9aad6aa1d34187e643383f9451","db517130b0d2846a9b787415f12f23b917ace092f56e3963f19aba7c9355613e","3a64eb6ac96805aad4fe41ef1fd44a0cdc2417d193f8c0852244780a3563ec98","50e6bf0e32c1bb9b0bddb689097a4a38a5d74a5bcf12b0fc8471f6b1f4cf50b1","2026-08-20T15:08:24.521129+00:00","autodl-container-78e6489fef-d01a013d","3.12.13","2.13.0+cpu","","tfenn_g_series_e311_mechanisms_cpu","G104","712fadbc64b4420999b90bcb5590ba87","https://www.comet.com/jerry2/tfenn-g-series-e311-mechanisms-cpu/712fadbc64b4420999b90bcb5590ba87","D:\Python\Projects\TFENN\outputs\01a01d6b-0968-72a2-8e04-492ad143a944\g_series_48_model_collection_20260822\raw\CPU\models\G104","True"
"CPU","cpu","G105","5","1","CPU","True","complete","500","501","36178","36079","e311_fixed_shape_audit","E311 fixed-shape mechanism audit","Generic raw-containing pair covariants and both STF directions active","Add the generic pair bank to the E311 mechanism","candidate","True","True","True","direct","","459","2.4981587470145834e-06","2.8260373313952943e-06","2.794818806250987e-06","3.024952818293215e-06","0.0004354111722038003","52.249340664456035","0.00068134742049065","0.9999972413153949","52628.42215807736","104.78892731256784","True","2.688067869378151e-07","2.4093554268496586e-07","7.88043308741378e-06","9c75f65d35c4d06737e7baf6d34b56aaf933dc37b53eaab18e54334e96e924a9","efc7bcaf9ccc441246f0b14e73529cb58d157cf972b503c4e2e38c45b9cf9ef9","c3d2a52ac9236c5739798a7a096ec592abe55daa7d4a766c43ce099e7d7dc513","b916ca1ef15b29b3aa64087cf3b7505f3b3295720a3935fa990d8e085bf11e7b","0045717ff558d46e2656efa4610bc8233381ff9d12f27bd3062c7706d82569de","9a444d075c2f881a57f7ca11305e26a062b938a15ba6553cfb300e487c4e73ff","eb1de1a35fea6452c78b3abf7b7f6ad2f6bd641a83a7bc389ac2b622858550cd","3a64eb6ac96805aad4fe41ef1fd44a0cdc2417d193f8c0852244780a3563ec98","50e6bf0e32c1bb9b0bddb689097a4a38a5d74a5bcf12b0fc8471f6b1f4cf50b1","2026-08-20T19:49:01.598665+00:00","autodl-container-78e6489fef-d01a013d","3.12.13","2.13.0+cpu","","tfenn_g_series_e311_mechanisms_cpu","G105","2ede20a572c4402f8edc9a44095f7151","https://www.comet.com/jerry2/tfenn-g-series-e311-mechanisms-cpu/2ede20a572c4402f8edc9a44095f7151","D:\Python\Projects\TFENN\outputs\01a01d6b-0968-72a2-8e04-492ad143a944\g_series_48_model_collection_20260822\raw\CPU\models\G105","True"
"CPU","cpu","G106","6","1","CPU","True","complete","500","501","36178","36059","e311_fixed_shape_audit","E311 fixed-shape mechanism audit","Generic pair covariants with only the a1 STF direction active","Test generic-pair substitution for the out STF direction","candidate","True","True","False","direct","","493","3.081044953998494e-06","3.44516967751875e-06","4.0167049419892464e-06","3.5216471344663657e-06","0.00048107603719225236","57.729124463070285","0.0007408013275492366","0.9999967388684123","52053.638302348554","103.66103638055921","True","3.109567660588216e-07","3.179291361166124e-07","7.039462818044799e-06","8c8240c8d2f280f508a4e85d5170803c414ec5e4e9b2717e92178670edd21c4d","efc7bcaf9ccc441246f0b14e73529cb58d157cf972b503c4e2e38c45b9cf9ef9","c3d2a52ac9236c5739798a7a096ec592abe55daa7d4a766c43ce099e7d7dc513","8c6dd6fe2972be2d3951f6be3097242ca386db9b3c558f37af766de051b91305","9564ce8a569cc6bafcd631801b98ca574f2790c0ccd2c7799db1f1ef06e721e5","054bb37de366db81bf507f4bfaa8df5e10de2e068065cce879493be9a21ecba2","7c38b8acfae5522eff7981bcd7fd96ca3322956629dd2d9b7e5d552619ad4f7c","3a64eb6ac96805aad4fe41ef1fd44a0cdc2417d193f8c0852244780a3563ec98","50e6bf0e32c1bb9b0bddb689097a4a38a5d74a5bcf12b0fc8471f6b1f4cf50b1","2026-08-20T19:39:26.968787+00:00","autodl-container-78e6489fef-d01a013d","3.12.13","2.13.0+cpu","","tfenn_g_series_e311_mechanisms_cpu","G106","08437ac54ab84ad69135474540598916","https://www.comet.com/jerry2/tfenn-g-series-e311-mechanisms-cpu/08437ac54ab84ad69135474540598916","D:\Python\Projects\TFENN\outputs\01a01d6b-0968-72a2-8e04-492ad143a944\g_series_48_model_collection_20260822\raw\CPU\models\G106","True"
"CPU","cpu","G107","7","1","CPU","True","complete","500","501","36178","36059","e311_fixed_shape_audit","E311 fixed-shape mechanism audit","Generic pair covariants with only the out STF direction active","Test generic-pair substitution for the a1 STF direction","candidate","True","False","True","direct","","491","5.046672027561429e-06","5.903287464119381e-06","6.040641886784215e-06","6.69174138631392e-06","0.0005952531713299405","71.43038055959286","0.0009769984329497663","0.9999943277867054","51201.02546842396","101.95983033452929","True","4.1222104487617675e-07","2.284814671797067e-07","9.974518530169604e-06","bd316eac7533520461f33c496bc393e7768ebce8f70b3d874d444be92ab3fda5","efc7bcaf9ccc441246f0b14e73529cb58d157cf972b503c4e2e38c45b9cf9ef9","c3d2a52ac9236c5739798a7a096ec592abe55daa7d4a766c43ce099e7d7dc513","6b2531b6fb58093d132649b0ce0db3e53deb6f071e3ac6c8e17470e20d129efa","2f6c711d5e794445e2c40028147c486e449b19052e807295f3c061a813391e51","a28f7324ea97c51315faf3a0bbeb15f032d8ea2bd7fe844ff1f4667f7414a708","aaa41414f237f1b97e4206fe9060c9a61f78adcd1496dac51c068d714ebe25a6","3a64eb6ac96805aad4fe41ef1fd44a0cdc2417d193f8c0852244780a3563ec98","50e6bf0e32c1bb9b0bddb689097a4a38a5d74a5bcf12b0fc8471f6b1f4cf50b1","2026-08-20T19:25:14.035848+00:00","autodl-container-78e6489fef-d01a013d","3.12.13","2.13.0+cpu","","tfenn_g_series_e311_mechanisms_cpu","G107","630d9c1f984a45bf8c4232990b71d118","https://www.comet.com/jerry2/tfenn-g-series-e311-mechanisms-cpu/630d9c1f984a45bf8c4232990b71d118","D:\Python\Projects\TFENN\outputs\01a01d6b-0968-72a2-8e04-492ad143a944\g_series_48_model_collection_20260822\raw\CPU\models\G107","True"
"CPU","cpu","G108","8","1","CPU","True","complete","500","501","36178","36039","e311_fixed_shape_audit","E311 fixed-shape mechanism audit","Generic pair covariants active with both STF directions inactive","Test the generic pair bank without covariant STF directions","candidate","True","False","False","direct","","498","5.172872675684449e-06","5.847394459910815e-06","6.26991605230387e-06","5.985547816690459e-06","0.0006133779541143532","73.60535449372239","0.0009846793638545821","0.9999942382489188","51862.3962983191","103.25502785179019","True","4.976201350697438e-07","2.013832297031273e-07","1.0686417866280653e-05","cf2598cda78c3d07bf829a704ceae2294fbef9a687742c7fba915fa9fb4d2485","efc7bcaf9ccc441246f0b14e73529cb58d157cf972b503c4e2e38c45b9cf9ef9","c3d2a52ac9236c5739798a7a096ec592abe55daa7d4a766c43ce099e7d7dc513","af4772f9090e68915619e12b4938eeb98c42e92ab2888932d8b6c192e01ceaf8","011605d0dd6ea48c4f45700820c4c28361171273323cb73766da06b8aaa620a4","49d330093edaf4fc363c6fd0d89f474efd7a49c6ae4580a5c2ce942ba422a198","a1e6a1f67c6c05b4846b6b77000ab20ea3f24302e74a7d80eb019327f9384746","3a64eb6ac96805aad4fe41ef1fd44a0cdc2417d193f8c0852244780a3563ec98","50e6bf0e32c1bb9b0bddb689097a4a38a5d74a5bcf12b0fc8471f6b1f4cf50b1","2026-08-20T19:36:14.758624+00:00","autodl-container-78e6489fef-d01a013d","3.12.13","2.13.0+cpu","","tfenn_g_series_e311_mechanisms_cpu","G108","390fe0d36e6d47b9999cf2633014bada","https://www.comet.com/jerry2/tfenn-g-series-e311-mechanisms-cpu/390fe0d36e6d47b9999cf2633014bada","D:\Python\Projects\TFENN\outputs\01a01d6b-0968-72a2-8e04-492ad143a944\g_series_48_model_collection_20260822\raw\CPU\models\G108","True"
"CPU","cpu","G109","9","1","CPU","True","complete","500","501","36178","14913","e311_fixed_shape_audit","E311 fixed-shape mechanism audit","All direct same-TypeKey carriers inactive","Test whether the complete direct carrier bundle is necessary","candidate","False","True","True","none","","478","8.762001794812161e-06","9.353201480018852e-06","1.014184667695872e-05","1.3936925184687271e-05","0.0008079193728894556","96.95032474673467","0.0012545525680749663","0.9999906471806348","41629.850064501166","82.88613070338964","True","2.9343071875630006e-07","2.9817453720558027e-07","1.016672655407031e-05","cd28760316603275ad70a549c79619e7386d23771331e9227f19d37fb607b49c","efc7bcaf9ccc441246f0b14e73529cb58d157cf972b503c4e2e38c45b9cf9ef9","c3d2a52ac9236c5739798a7a096ec592abe55daa7d4a766c43ce099e7d7dc513","4bc734bfe1d2b0f67480cc85dbc2b395a1b0069ef448703935b79c158dfd7f51","862b5947699cee0d9f546b08fef79bf7d86006407251b49992e1c0985405d6a4","1698583b65b598f016a465a1eb9789575237c9ceb9d1e2892b094b1ce499f3c1","b2e52d258a9b3770c2d77c9f96466947897e43832f9adbb7d4636f1db0b5145e","3a64eb6ac96805aad4fe41ef1fd44a0cdc2417d193f8c0852244780a3563ec98","50e6bf0e32c1bb9b0bddb689097a4a38a5d74a5bcf12b0fc8471f6b1f4cf50b1","2026-08-21T02:45:41.745740+00:00","autodl-container-78e6489fef-d01a013d","3.12.13","2.13.0+cpu","","tfenn_g_series_e311_mechanisms_cpu","G109","802c367d5e9040c8a2e83de6f4e13fc2","https://www.comet.com/jerry2/tfenn-g-series-e311-mechanisms-cpu/802c367d5e9040c8a2e83de6f4e13fc2","D:\Python\Projects\TFENN\outputs\01a01d6b-0968-72a2-8e04-492ad143a944\g_series_48_model_collection_20260822\raw\CPU\models\G109","True"
"CPU","cpu","G110","10","1","CPU","True","complete","500","501","36178","15025","e311_fixed_shape_audit","E311 fixed-shape mechanism audit","Gated identity carriers with residual-zero initialization","Test a learnable carrier initialized as the direct identity route","candidate","False","True","True","gated_identity","residual_zero","500","1.1571949028694357e-05","1.2336931286975058e-05","1.2219374866617727e-05","1.2336931286975058e-05","0.0009294262939651588","111.53115527581905","0.0014320623473830327","0.9999878132284088","41032.83554730564","81.71974574066698","True","2.782251756352731e-07","2.1850502064048002e-07","8.268475144567084e-06","ae5ca18606e75be46c38b4bbdbe0c70c0b7acba89f4dc8995f8a2ea6404b3f3d","efc7bcaf9ccc441246f0b14e73529cb58d157cf972b503c4e2e38c45b9cf9ef9","c3d2a52ac9236c5739798a7a096ec592abe55daa7d4a766c43ce099e7d7dc513","049bd455193ace7e3100abcebf8ed82750f51d8689fd9cab856bc429d8c3b959","05c31c42f09939038e2a5e207fabe78086ee2416c0ace824f3bab7fb68479751","fef75013dcd068354544daaf8be62c6aa1ecd39c81d7ebd9feb5cd61630358e2","60f566ecc049852665c3f2249f6470369c6fb30513940ceda873898221095b63","3a64eb6ac96805aad4fe41ef1fd44a0cdc2417d193f8c0852244780a3563ec98","50e6bf0e32c1bb9b0bddb689097a4a38a5d74a5bcf12b0fc8471f6b1f4cf50b1","2026-08-21T02:34:45.419885+00:00","autodl-container-78e6489fef-d01a013d","3.12.13","2.13.0+cpu","","tfenn_g_series_e311_mechanisms_cpu","G110","73dad8385cfe4cdbb0a43ff55181cf8c","https://www.comet.com/jerry2/tfenn-g-series-e311-mechanisms-cpu/73dad8385cfe4cdbb0a43ff55181cf8c","D:\Python\Projects\TFENN\outputs\01a01d6b-0968-72a2-8e04-492ad143a944\g_series_48_model_collection_20260822\raw\CPU\models\G110","True"
"CPU","cpu","G111","11","1","CPU","True","complete","500","501","36178","15025","e311_fixed_shape_audit","E311 fixed-shape mechanism audit","Gated identity carriers with default initialization","Separate carrier availability from its initialization and optimization","candidate","False","True","True","gated_identity","default","480","8.706178699874257e-06","9.10336383639635e-06","9.327113201607062e-06","9.465053203723496e-06","0.0007927644875930774","95.13173851116929","0.0012366956078647528","0.9999909115367395","41919.77110175043","83.41073854131997","True","2.185596239517987e-07","2.2381885928370621e-07","1.5262279874110863e-05","27a150add6aa9bc5b902362b431cbb168f1864cc02df73eb738807d9def6a32f","efc7bcaf9ccc441246f0b14e73529cb58d157cf972b503c4e2e38c45b9cf9ef9","c3d2a52ac9236c5739798a7a096ec592abe55daa7d4a766c43ce099e7d7dc513","7424a0c57105610dfb6f895daa130bc58fde0681d03a32f5c6890b6ef67423b1","93e016615ea8b2a2f0816096ab7795fb642970fd1c0c3fe8679ae9f4e2ae58d9","060166df314106e278c96d7b785a2c6e976e4e66b422974f87a93ba3c6581fcb","7cae122d723db4c415cdd078e30a949765e5c76758f4fe89d775b674701de9b1","3a64eb6ac96805aad4fe41ef1fd44a0cdc2417d193f8c0852244780a3563ec98","50e6bf0e32c1bb9b0bddb689097a4a38a5d74a5bcf12b0fc8471f6b1f4cf50b1","2026-08-21T03:01:29.260111+00:00","autodl-container-78e6489fef-d01a013d","3.12.13","2.13.0+cpu","","tfenn_g_series_e311_mechanisms_cpu","G111","9c2b00864d8f4483a1c4940b2c2e005d","https://www.comet.com/jerry2/tfenn-g-series-e311-mechanisms-cpu/9c2b00864d8f4483a1c4940b2c2e005d","D:\Python\Projects\TFENN\outputs\01a01d6b-0968-72a2-8e04-492ad143a944\g_series_48_model_collection_20260822\raw\CPU\models\G111","True"
"CPU","cpu","G112","12","1","CPU","True","complete","500","501","36178","14923","e311_fixed_shape_audit","E311 fixed-shape mechanism audit","Direct carriers active except deep raw shortcuts","Measure r to b2 and x to out carrier shortcuts","candidate","False","True","True","direct","","500","8.471379082158465e-06","8.966154333558534e-06","9.486314938556007e-06","8.966154333558534e-06","0.0007996926612009945","95.96311934411935","0.0012220025243929265","0.9999911262124832","40546.61842111498","80.74980597136914","True","3.705314786299015e-07","2.671134357695589e-07","7.718435004353302e-06","12a388cf87c94654b9f9c0d0d1d72ca28da1337a51a081a92d7425b3164348d7","efc7bcaf9ccc441246f0b14e73529cb58d157cf972b503c4e2e38c45b9cf9ef9","c3d2a52ac9236c5739798a7a096ec592abe55daa7d4a766c43ce099e7d7dc513","9b89072c1856a9dd2499fee7ae899f6a98f507856f11d5c523dc5d0d96307775","4d14f0c11b3a2e9a1e159f825ee516a5fe8310d83c5545382fdfa4f0b96da3ce","d8a9290001283c72150a6e581fe68a7fc9fc14e31ea235f891a0b7462c1ac8fe","e0caf9cd33f180e349bc089798e9dd521854fd1b95b5c0c182d454aec41608dc","3a64eb6ac96805aad4fe41ef1fd44a0cdc2417d193f8c0852244780a3563ec98","50e6bf0e32c1bb9b0bddb689097a4a38a5d74a5bcf12b0fc8471f6b1f4cf50b1","2026-08-21T02:24:30.785726+00:00","autodl-container-78e6489fef-d01a013d","3.12.13","2.13.0+cpu","","tfenn_g_series_e311_mechanisms_cpu","G112","31e5892591db4102a514e260e847dc24","https://www.comet.com/jerry2/tfenn-g-series-e311-mechanisms-cpu/31e5892591db4102a514e260e847dc24","D:\Python\Projects\TFENN\outputs\01a01d6b-0968-72a2-8e04-492ad143a944\g_series_48_model_collection_20260822\raw\CPU\models\G112","True"
"CPU","cpu","G113","13","1","CPU","True","complete","500","501","36178","14925","e311_fixed_shape_audit","E311 fixed-shape mechanism audit","Direct carriers active except the a1 to out hidden shortcut","Measure the learned hidden-history carrier shortcut","candidate","False","True","True","direct","","492","8.417747971109484e-06","9.27948263361751e-06","8.8328373962554e-06","9.886126040097154e-06","0.0007871346063410724","94.45615276092869","0.0012171814744103805","0.9999911960921807","40542.6080885455","80.58493873044848","True","2.3506619502810634e-07","3.4557373929141634e-07","8.477455276385717e-06","7627c81273d037450b8947a3bbfad8428bf394dfb141faf12e1e1819fad584f7","efc7bcaf9ccc441246f0b14e73529cb58d157cf972b503c4e2e38c45b9cf9ef9","c3d2a52ac9236c5739798a7a096ec592abe55daa7d4a766c43ce099e7d7dc513","f3379597954fac03dc656a482646b3865c156bd2edc707985f0979fc0f8002eb","fee5dc3614ae3fcc77d852dca1e5458e6b6de33ffdf51b2a2b87f1f82332dba8","c79d150ffb04231d4f1c42f2d89846a372a24551dfb0b389933c133f648faf4b","1ca29467320b7e18253cccf4de3ff05a7aa012425dcd77eae480c2e5f972ee79","3a64eb6ac96805aad4fe41ef1fd44a0cdc2417d193f8c0852244780a3563ec98","50e6bf0e32c1bb9b0bddb689097a4a38a5d74a5bcf12b0fc8471f6b1f4cf50b1","2026-08-21T07:05:01.156370+00:00","autodl-container-78e6489fef-d01a013d","3.12.13","2.13.0+cpu","","tfenn_g_series_e311_mechanisms_cpu","G113","077b26cbca5243adb131884149326848","https://www.comet.com/jerry2/tfenn-g-series-e311-mechanisms-cpu/077b26cbca5243adb131884149326848","D:\Python\Projects\TFENN\outputs\01a01d6b-0968-72a2-8e04-492ad143a944\g_series_48_model_collection_20260822\raw\CPU\models\G113","True"
"CPU","cpu","G114","14","1","CPU","True","complete","500","501","36178","14922","e311_fixed_shape_audit","E311 fixed-shape mechanism audit","Direct carriers active without deep raw or hidden shortcuts","Measure the interaction of raw-deep and hidden-deep carriers","candidate","False","True","True","direct","","481","9.084204761756228e-06","9.649312294690386e-06","1.0349104451279345e-05","1.051074029077976e-05","0.0008288860579877914","99.46632695853496","0.0012737208291764216","0.9999903591945055","40657.91906388849","80.88170670217275","True","3.612215582624967e-07","3.4114612374287206e-07","6.9343298767360625e-06","062b960c76a990ce752240c9706baab1b85dd5096de1b1a409865c79cd529088","efc7bcaf9ccc441246f0b14e73529cb58d157cf972b503c4e2e38c45b9cf9ef9","c3d2a52ac9236c5739798a7a096ec592abe55daa7d4a766c43ce099e7d7dc513","f7eb3200e3397f60c8fa35be7d9a9e348d4c8b9ce55c5f4f69e8cb0b970741d6","2f3654f473843f9883524a35e7e0ea02779ca1ea8b1e4167baae6d31715d82e1","677085fe8399ccaf9cc7922c36a84311869fc166faf44b840e61bc4d3d3caf77","f7b7422424d207a9962d2feac9d11c9056de4211d0ca66b22d84dfa281931a67","3a64eb6ac96805aad4fe41ef1fd44a0cdc2417d193f8c0852244780a3563ec98","50e6bf0e32c1bb9b0bddb689097a4a38a5d74a5bcf12b0fc8471f6b1f4cf50b1","2026-08-21T06:57:18.821323+00:00","autodl-container-78e6489fef-d01a013d","3.12.13","2.13.0+cpu","","tfenn_g_series_e311_mechanisms_cpu","G114","2577ee5159044ba88f46671f46744ea8","https://www.comet.com/jerry2/tfenn-g-series-e311-mechanisms-cpu/2577ee5159044ba88f46671f46744ea8","D:\Python\Projects\TFENN\outputs\01a01d6b-0968-72a2-8e04-492ad143a944\g_series_48_model_collection_20260822\raw\CPU\models\G114","True"
"CPU","cpu","G201","1","2","CPU","True","complete","500","501","36178","14926","e311_fixed_shape_audit","E311 fixed-shape mechanism audit","E311 control with generic pairs off and both STF directions active","Fresh paired-seed E311 control under the G CPU protocol","control","False","True","True","direct","","496","1.4166511358754092e-05","1.487672638422012e-05","1.556368807769104e-05","1.5999677393405488e-05","0.0010294622153460347","123.53546584152416","0.0016006544473536322","0.9999847749057271","41304.87808652967","82.1732508250326","True","2.7717538384499406e-07","2.249488270713513e-07","1.3952055350115741e-05","cbec6c115195ad0a1901ffb319feabd34d34a2372faae1300f4dfcb029904651","efc7bcaf9ccc441246f0b14e73529cb58d157cf972b503c4e2e38c45b9cf9ef9","c3d2a52ac9236c5739798a7a096ec592abe55daa7d4a766c43ce099e7d7dc513","9d6dd936c792a00cc3da88af987d0aec31a683c23f025330a056dc2136ab8e82","506809f9c5b2dad0a7a45d946435745ef340585c99b75532a0b258bc471aff6e","c2ee652d23fc7445077c9d0b2723c8b1b0a1a91a89bca3e8737518f39597e886","7f7d4a378fab58dcf8b8e8b6ccad3e1003357aca895c1bfc4ebdbd080173a28e","3a64eb6ac96805aad4fe41ef1fd44a0cdc2417d193f8c0852244780a3563ec98","50e6bf0e32c1bb9b0bddb689097a4a38a5d74a5bcf12b0fc8471f6b1f4cf50b1","2026-08-21T06:53:53.368567+00:00","autodl-container-78e6489fef-d01a013d","3.12.13","2.13.0+cpu","","tfenn_g_series_e311_mechanisms_cpu","G201","b5bc055a543b41ebb2ebba4862802d56","https://www.comet.com/jerry2/tfenn-g-series-e311-mechanisms-cpu/b5bc055a543b41ebb2ebba4862802d56","D:\Python\Projects\TFENN\outputs\01a01d6b-0968-72a2-8e04-492ad143a944\g_series_48_model_collection_20260822\raw\CPU\models\G201","True"
"CPU","cpu","G202","2","2","CPU","True","complete","500","501","36178","14906","e311_fixed_shape_audit","E311 fixed-shape mechanism audit","Generic pairs off with only the a1 STF direction active","Measure the out-stage STF contribution","candidate","False","True","False","direct","","471","1.7583082242989187e-05","1.898006684250336e-05","1.973610090715283e-05","2.0364663177625944e-05","0.0011288179323526643","135.45815188231973","0.00177342176433212","0.9999813108785074","40430.17464322597","80.35211120800673","True","2.5550961287890247e-07","2.726719476737231e-07","1.5669509299398186e-05","c761a38b2837e06fc834e3e2a11bbaa328f1fb39941268f007ea74d55ab3cc5d","efc7bcaf9ccc441246f0b14e73529cb58d157cf972b503c4e2e38c45b9cf9ef9","c3d2a52ac9236c5739798a7a096ec592abe55daa7d4a766c43ce099e7d7dc513","8010d1e87a884ab78e1cf4e049995fecd401ab01ca6e444d53e8695ad0d60324","781758be8076f9dd79fa0ead6d4042639f32dacd8c266f6e1b240cb31926994b","b3e666e7206ab42089cf45274bc21106c07521b207c343d7592c4de801bcd4a7","d325ceb0d8131ab2aafbe712f419e6ab597270e9f6b4a93de8edead3268e28ee","3a64eb6ac96805aad4fe41ef1fd44a0cdc2417d193f8c0852244780a3563ec98","50e6bf0e32c1bb9b0bddb689097a4a38a5d74a5bcf12b0fc8471f6b1f4cf50b1","2026-08-21T06:50:21.178724+00:00","autodl-container-78e6489fef-d01a013d","3.12.13","2.13.0+cpu","","tfenn_g_series_e311_mechanisms_cpu","G202","f8c3ab0b9923403ebb96911ae7647457","https://www.comet.com/jerry2/tfenn-g-series-e311-mechanisms-cpu/f8c3ab0b9923403ebb96911ae7647457","D:\Python\Projects\TFENN\outputs\01a01d6b-0968-72a2-8e04-492ad143a944\g_series_48_model_collection_20260822\raw\CPU\models\G202","True"
"CPU","cpu","G203","3","2","CPU","True","complete","500","501","36178","14906","e311_fixed_shape_audit","E311 fixed-shape mechanism audit","Generic pairs off with only the out STF direction active","Measure the a1-stage STF contribution","candidate","False","False","True","direct","","497","1.6457044436736448e-05","1.7367071727406202e-05","1.818192419875686e-05","1.8253175520315245e-05","0.0010622536560699867","127.47043872839842","0.0017358617567494578","0.9999820941439165","41986.63147253543","83.55014788074791","True","2.5258548928731385e-07","1.86775587637067e-07","6.490824362812235e-06","3f7bbb4669479b43b98b914989d36284e9da52b826395e24d5f926441cd0a702","efc7bcaf9ccc441246f0b14e73529cb58d157cf972b503c4e2e38c45b9cf9ef9","c3d2a52ac9236c5739798a7a096ec592abe55daa7d4a766c43ce099e7d7dc513","936ef22d264b6c6e8964ea5977884fa5c51886d9b864217efaed511fb71300fb","9f8ea30bc6bd6a601a3d14e7567c2f8eb1fc959b0f70291cd14f05db61b42fca","7b4fdc62ef69e828e4b2e12c1063662d002227610f225939ee84f7e559006ede","f319d2a4fed266dbee2862fdf183001dbe1b2926fc4cce5a8cd80483a5ecdb81","3a64eb6ac96805aad4fe41ef1fd44a0cdc2417d193f8c0852244780a3563ec98","50e6bf0e32c1bb9b0bddb689097a4a38a5d74a5bcf12b0fc8471f6b1f4cf50b1","2026-08-21T14:25:46.687137+00:00","autodl-container-78e6489fef-d01a013d","3.12.13","2.13.0+cpu","","tfenn_g_series_e311_mechanisms_cpu","G203","d424f4c884fd4983b992004acf3c85a3","https://www.comet.com/jerry2/tfenn-g-series-e311-mechanisms-cpu/d424f4c884fd4983b992004acf3c85a3","D:\Python\Projects\TFENN\outputs\01a01d6b-0968-72a2-8e04-492ad143a944\g_series_48_model_collection_20260822\raw\CPU\models\G203","True"
"CPU","cpu","G204","4","2","CPU","True","complete","500","501","36178","14886","e311_fixed_shape_audit","E311 fixed-shape mechanism audit","Generic pairs off with both covariant STF directions inactive","Measure the combined covariant STF contribution","candidate","False","False","False","direct","","500","2.068311698924671e-05","2.2756890090014345e-05","2.3711450779728693e-05","2.2756890090014345e-05","0.0012100773551214738","145.20928261457686","0.0019365825914554743","0.9999777137567615","41301.47243411839","82.16676575559377","True","3.0300041523481836e-07","2.7470389846704184e-07","1.3499622768952727e-05","2af460d43270770caacbbbc87de1748a4e0d1fa4cb2fee24e174475da4505bec","efc7bcaf9ccc441246f0b14e73529cb58d157cf972b503c4e2e38c45b9cf9ef9","c3d2a52ac9236c5739798a7a096ec592abe55daa7d4a766c43ce099e7d7dc513","e2d22daf2d342e6a974f2871dbb35821d8c9087d1491a5321233ef2b01bbdb3f","fe86f0035ff4c3e94907ebf97d1c4bc38d1ce10db44dc53ab562a7a8827ba6ef","2d426a1403fd915651c42d217235caa2ebe23174b78bf338e4a59b49c28ba3e0","d438049e7371862d94e3d27e259d56ce9f67453d4cce445c90a9ce19b19c8f7e","3a64eb6ac96805aad4fe41ef1fd44a0cdc2417d193f8c0852244780a3563ec98","50e6bf0e32c1bb9b0bddb689097a4a38a5d74a5bcf12b0fc8471f6b1f4cf50b1","2026-08-21T14:03:26.119913+00:00","autodl-container-78e6489fef-d01a013d","3.12.13","2.13.0+cpu","","tfenn_g_series_e311_mechanisms_cpu","G204","fbb092d0df384a8c9fa6327a2dc8d63b","https://www.comet.com/jerry2/tfenn-g-series-e311-mechanisms-cpu/fbb092d0df384a8c9fa6327a2dc8d63b","D:\Python\Projects\TFENN\outputs\01a01d6b-0968-72a2-8e04-492ad143a944\g_series_48_model_collection_20260822\raw\CPU\models\G204","True"
"CPU","cpu","G205","5","2","CPU","True","complete","500","501","36178","36079","e311_fixed_shape_audit","E311 fixed-shape mechanism audit","Generic raw-containing pair covariants and both STF directions active","Add the generic pair bank to the E311 mechanism","candidate","True","True","True","direct","","492","5.357242262508946e-06","5.916433268694299e-06","6.829611886871589e-06","6.4810678458186275e-06","0.0006048816147073051","72.58579376487661","0.0009931554311922944","0.999994138628301","58260.64875625074","115.9819119027853","True","2.417098112232917e-07","2.3116250017903609e-07","1.3607588816402053e-05","8b9c33027398ac30b85e193b74a02d824b798e043882f1a49a937b691330bb51","efc7bcaf9ccc441246f0b14e73529cb58d157cf972b503c4e2e38c45b9cf9ef9","c3d2a52ac9236c5739798a7a096ec592abe55daa7d4a766c43ce099e7d7dc513","a95c97907a65c989bf993be9eb7014d933004797286fc5ab3f71a3def72e0f60","fad822f31a2e70b5f4983d7c9abe19545de419c77a8fbb2cbc2fcdbd1c403afc","805c97631b2a1f2fca8eb48cdb0eee54ea933affcecaf23fb85a4391ff8a15ec","38c0d8cb6b4fa9d8374cfe5b4ff85d2f92db6d3c66a45b540d6ba847831d9bca","3a64eb6ac96805aad4fe41ef1fd44a0cdc2417d193f8c0852244780a3563ec98","50e6bf0e32c1bb9b0bddb689097a4a38a5d74a5bcf12b0fc8471f6b1f4cf50b1","2026-08-21T19:12:49.698054+00:00","autodl-container-78e6489fef-d01a013d","3.12.13","2.13.0+cpu","","tfenn_g_series_e311_mechanisms_cpu","G205","ef5d533526e3448ebc8f2284df002ca7","https://www.comet.com/jerry2/tfenn-g-series-e311-mechanisms-cpu/ef5d533526e3448ebc8f2284df002ca7","D:\Python\Projects\TFENN\outputs\01a01d6b-0968-72a2-8e04-492ad143a944\g_series_48_model_collection_20260822\raw\CPU\models\G205","True"
"CPU","cpu","G206","6","2","CPU","True","complete","500","501","36178","36059","e311_fixed_shape_audit","E311 fixed-shape mechanism audit","Generic pair covariants with only the a1 STF direction active","Test generic-pair substitution for the out STF direction","candidate","True","True","False","direct","","471","6.1884685841089425e-06","6.919784024681872e-06","8.177797009523147e-06","9.381519245559412e-06","0.000652015752943259","78.24189035319108","0.0010857145506764285","0.9999929951936162","57868.48352325708","115.14204206854104","True","4.136246994011152e-07","3.145809211701038e-07","1.36016401288745e-05","8e178bc29939b03cd961839ddfce7b3b2213172c93bdb2ba467e132d031b62bc","efc7bcaf9ccc441246f0b14e73529cb58d157cf972b503c4e2e38c45b9cf9ef9","c3d2a52ac9236c5739798a7a096ec592abe55daa7d4a766c43ce099e7d7dc513","53dcf4c5fbfc126aa9dd2f316615fc925552ac4502d1128e601befc392118a04","db5520251fb5a55ac3e50c38c86fbcda8df270f36d6e66d231ed6bbf90a3c86a","73e346355cf82796e86217c61d3294a01c00cf020566711d257094b142b9fa6e","a944ca6871048ab95924ccb6b71a8b21e6fd1c4ec907b6aff1449b1e034b9f74","3a64eb6ac96805aad4fe41ef1fd44a0cdc2417d193f8c0852244780a3563ec98","50e6bf0e32c1bb9b0bddb689097a4a38a5d74a5bcf12b0fc8471f6b1f4cf50b1","2026-08-21T18:29:14.657937+00:00","autodl-container-78e6489fef-d01a013d","3.12.13","2.13.0+cpu","","tfenn_g_series_e311_mechanisms_cpu","G206","346e578cbd9f4402b9c1d4b810056883","https://www.comet.com/jerry2/tfenn-g-series-e311-mechanisms-cpu/346e578cbd9f4402b9c1d4b810056883","D:\Python\Projects\TFENN\outputs\01a01d6b-0968-72a2-8e04-492ad143a944\g_series_48_model_collection_20260822\raw\CPU\models\G206","True"
"CPU","cpu","G207","7","2","CPU","True","complete","500","501","36178","36059","e311_fixed_shape_audit","E311 fixed-shape mechanism audit","Generic pair covariants with only the out STF direction active","Test generic-pair substitution for the a1 STF direction","candidate","True","False","True","direct","","492","5.2647765201332835e-06","5.928614019859572e-06","8.137418606679603e-06","7.414213031272452e-06","0.0006133236698089862","73.59884037707835","0.000996342812206331","0.9999941009455708","57154.787857465446","113.75791127055884","True","3.167790875321444e-07","2.315909881018899e-07","1.3564204258396434e-05","9ec35939e481acf81bd6b9edb4470eb8d26b5a24dc56f7cffdcb535ca4dcac34","efc7bcaf9ccc441246f0b14e73529cb58d157cf972b503c4e2e38c45b9cf9ef9","c3d2a52ac9236c5739798a7a096ec592abe55daa7d4a766c43ce099e7d7dc513","8a69d6af2c4c9cd3e136bd6b3b5f1f39531ec254f5440421060b8ce9d6eb9b4b","7157e2852374b2a7e084810d982415fbf4812dc27f532e913d4da7bdfdf396a7","49a1d575531079ac87b34dc51cbc8f35f2d9186502b3488b4923a14805b2ffa8","e7f97e482849e85e19074037fb490542c8a64a4325110c428a7f8d2039ce0bc6","3a64eb6ac96805aad4fe41ef1fd44a0cdc2417d193f8c0852244780a3563ec98","50e6bf0e32c1bb9b0bddb689097a4a38a5d74a5bcf12b0fc8471f6b1f4cf50b1","2026-08-21T22:57:59.748213+00:00","autodl-container-78e6489fef-d01a013d","3.12.13","2.13.0+cpu","","tfenn_g_series_e311_mechanisms_cpu","G207","9afb27a6d12249508f46f9497a81177e","https://www.comet.com/jerry2/tfenn-g-series-e311-mechanisms-cpu/9afb27a6d12249508f46f9497a81177e","D:\Python\Projects\TFENN\outputs\01a01d6b-0968-72a2-8e04-492ad143a944\g_series_48_model_collection_20260822\raw\CPU\models\G207","True"
"CPU","cpu","G208","8","2","CPU","True","complete","500","501","36178","36039","e311_fixed_shape_audit","E311 fixed-shape mechanism audit","Generic pair covariants active with both STF directions inactive","Test the generic pair bank without covariant STF directions","candidate","True","False","False","direct","","471","5.696509092452916e-06","6.4110713423322e-06","7.72235354844497e-06","9.33983410109556e-06","0.0006306317957603995","75.67581549124795","0.0010389584069311695","0.9999935855246227","57198.3313774243","113.84908823645115","True","2.3120464513156097e-07","2.1908554982599237e-07","1.3766510317551488e-05","5287b10f94c69f5b6d4148a94328bb20d9cfa59729744f02707d011d5eb6f22a","efc7bcaf9ccc441246f0b14e73529cb58d157cf972b503c4e2e38c45b9cf9ef9","c3d2a52ac9236c5739798a7a096ec592abe55daa7d4a766c43ce099e7d7dc513","9f700ab5c436fe802046efdd85d17ed10298c4f1483883beece6b395fa727f18","2dfd7ab3e18c3159672cbc757ed493e2af13b087d9e8c6ae032692ff71f9b550","d1a5613a2f95a9bba887163a0ccf6808190cefb93ef595ff938c6d6db9acfe55","b813e08a39b07fd2cd75f611feca91e5e7b5798bcd01f5616d080e1df72f0e8a","3a64eb6ac96805aad4fe41ef1fd44a0cdc2417d193f8c0852244780a3563ec98","50e6bf0e32c1bb9b0bddb689097a4a38a5d74a5bcf12b0fc8471f6b1f4cf50b1","2026-08-21T22:50:56.931229+00:00","autodl-container-78e6489fef-d01a013d","3.12.13","2.13.0+cpu","","tfenn_g_series_e311_mechanisms_cpu","G208","af21e8af6c5d4ee2bcd196bfb2db3de5","https://www.comet.com/jerry2/tfenn-g-series-e311-mechanisms-cpu/af21e8af6c5d4ee2bcd196bfb2db3de5","D:\Python\Projects\TFENN\outputs\01a01d6b-0968-72a2-8e04-492ad143a944\g_series_48_model_collection_20260822\raw\CPU\models\G208","True"
"CPU","cpu","G209","9","2","CPU","True","complete","500","501","36178","14913","e311_fixed_shape_audit","E311 fixed-shape mechanism audit","All direct same-TypeKey carriers inactive","Test whether the complete direct carrier bundle is necessary","candidate","False","True","True","none","","486","1.1729557193004164e-05","1.2631761692524085e-05","1.2523620256388313e-05","1.2765577449929296e-05","0.0009381922299681875","112.5830675961825","0.0014493493202197586","0.9999875172302026","42275.2289904356","84.11873983290792","True","3.284102066837578e-07","2.1191083841900692e-07","8.940405653592747e-06","a92160d66175c4b901965643e50ccb3c014817b50e90f52972668f883281c6ab","efc7bcaf9ccc441246f0b14e73529cb58d157cf972b503c4e2e38c45b9cf9ef9","c3d2a52ac9236c5739798a7a096ec592abe55daa7d4a766c43ce099e7d7dc513","c35ef3524a4be5cdd45271ca0058a85d8696f4720cb52c81d3612ea83f45ad65","ee8daaa5c87834348af18419e5289fb1b04ad945e318c5ba64a2ab729de7bbdd","19cfa01f93b5001b808d2bb4a91f847505b36ec22eb0700af122c107275e3275","355f1fe248609fdf9f3f9fb2c05c6162e7c2cdf2c4e193546f98615a0eaf8509","3a64eb6ac96805aad4fe41ef1fd44a0cdc2417d193f8c0852244780a3563ec98","50e6bf0e32c1bb9b0bddb689097a4a38a5d74a5bcf12b0fc8471f6b1f4cf50b1","2026-08-21T18:38:56.771272+00:00","autodl-container-78e6489fef-d01a013d","3.12.13","2.13.0+cpu","","tfenn_g_series_e311_mechanisms_cpu","G209","20068ea966404e50b4bb3557781097ab","https://www.comet.com/jerry2/tfenn-g-series-e311-mechanisms-cpu/20068ea966404e50b4bb3557781097ab","D:\Python\Projects\TFENN\outputs\01a01d6b-0968-72a2-8e04-492ad143a944\g_series_48_model_collection_20260822\raw\CPU\models\G209","True"
"CPU","cpu","G210","10","2","CPU","True","complete","500","501","36178","15025","e311_fixed_shape_audit","E311 fixed-shape mechanism audit","Gated identity carriers with residual-zero initialization","Test a learnable carrier initialized as the direct identity route","candidate","False","True","True","gated_identity","residual_zero","497","1.3369194574904439e-05","1.4056877700565929e-05","1.7274444493864395e-05","1.4466084862578216e-05","0.000979827838115305","117.5793405738366","0.0015522092311538729","0.9999856825609499","42688.65098082274","84.91069760847091","True","3.4621449801557486e-07","4.2610967162295374e-07","1.4822658820549027e-05","81316775f6eb7ecb8a87629a0b23a16bbccb356e5e1d215833302af61617cab5","efc7bcaf9ccc441246f0b14e73529cb58d157cf972b503c4e2e38c45b9cf9ef9","c3d2a52ac9236c5739798a7a096ec592abe55daa7d4a766c43ce099e7d7dc513","6b513aa9ccabe30ae2322b279d11e400e8be0b7920edaaa7544fb8397b89fd2e","f072f04bb9f73096589af7e6eaa6cb25a8b24e1d82064d70f6010b3f44758b54","b97b3a24d39863d6f6b40e6f714f9f769f62f9af618b186be121271a5e37317d","a9b1da37224128207d3126019811c9dba63f4349c27000ce9f8a1b67d1522aff","3a64eb6ac96805aad4fe41ef1fd44a0cdc2417d193f8c0852244780a3563ec98","50e6bf0e32c1bb9b0bddb689097a4a38a5d74a5bcf12b0fc8471f6b1f4cf50b1","2026-08-21T18:42:10.227072+00:00","autodl-container-78e6489fef-d01a013d","3.12.13","2.13.0+cpu","","tfenn_g_series_e311_mechanisms_cpu","G210","81b733b7674444a59fd4746ee02eedb8","https://www.comet.com/jerry2/tfenn-g-series-e311-mechanisms-cpu/81b733b7674444a59fd4746ee02eedb8","D:\Python\Projects\TFENN\outputs\01a01d6b-0968-72a2-8e04-492ad143a944\g_series_48_model_collection_20260822\raw\CPU\models\G210","True"
"CPU","cpu","G211","11","2","CPU","True","complete","500","501","36178","15025","e311_fixed_shape_audit","E311 fixed-shape mechanism audit","Gated identity carriers with default initialization","Separate carrier availability from its initialization and optimization","candidate","False","True","True","gated_identity","default","494","1.2821233249920843e-05","1.3885410252249754e-05","1.609254671279814e-05","1.5820349121752925e-05","0.0009658672655229916","115.904071862759","0.0015156108162080696","0.9999863497623932","41230.92035768181","81.94881799641252","True","3.7727558624665195e-07","5.090412345943861e-07","8.344521545947707e-06","bbc0d6859ef45ca81289acfc4238abf807c03c6031a4842834fa916201703978","efc7bcaf9ccc441246f0b14e73529cb58d157cf972b503c4e2e38c45b9cf9ef9","c3d2a52ac9236c5739798a7a096ec592abe55daa7d4a766c43ce099e7d7dc513","cd089909a7e38e983b69771b5eb680fbcb4979080601d0d445a79d21464e082d","b5dea9f3edff7ff78d2a97f87d2afdcb4ad3158443d15217db795a3ccfd8610f","1c7e71d27797827ad6897d8037234193880cc4f6e741eff957cc08fc82dce5cc","cb4573573ae7d52d4ab2c1a7b18bbbdd7bfe650e57851a44a38f9c783c7300a3","3a64eb6ac96805aad4fe41ef1fd44a0cdc2417d193f8c0852244780a3563ec98","50e6bf0e32c1bb9b0bddb689097a4a38a5d74a5bcf12b0fc8471f6b1f4cf50b1","2026-08-22T01:53:21.437678+00:00","autodl-container-78e6489fef-d01a013d","3.12.13","2.13.0+cpu","","tfenn_g_series_e311_mechanisms_cpu","G211","6b5c9e2950c94cbb966cf96bc96a55c2","https://www.comet.com/jerry2/tfenn-g-series-e311-mechanisms-cpu/6b5c9e2950c94cbb966cf96bc96a55c2","D:\Python\Projects\TFENN\outputs\01a01d6b-0968-72a2-8e04-492ad143a944\g_series_48_model_collection_20260822\raw\CPU\models\G211","True"
"CPU","cpu","G212","12","2","CPU","True","complete","500","501","36178","14923","e311_fixed_shape_audit","E311 fixed-shape mechanism audit","Direct carriers active except deep raw shortcuts","Measure r to b2 and x to out carrier shortcuts","candidate","False","True","True","direct","","500","1.2440646546129871e-05","1.3131065445636617e-05","1.6327292161122387e-05","1.3131065445636617e-05","0.0009517422498988622","114.20906998786347","0.0014734852442240295","0.9999870980189","40853.67985446006","81.31091803620755","True","2.3246383738049067e-07","2.2740131669759227e-07","9.70522138389893e-06","8ae04d86fabf042c33b05bff7b810e07be9724d95e768da1284d1239cc2ee6c8","efc7bcaf9ccc441246f0b14e73529cb58d157cf972b503c4e2e38c45b9cf9ef9","c3d2a52ac9236c5739798a7a096ec592abe55daa7d4a766c43ce099e7d7dc513","ac07de98b11d613f4e83cdf76dc7e8d72777b022f0af03d077984f12a374f867","b741e333605004c86c27b551260dbbf8d0e714ca40ded0370138567622a68a88","d74857f06196e6ec2fc8c403e2b8b385730d88a9fa93071822c0019129215b9c","beae212c6463405c0d174667bb6842a6f4a8d200e4598d0f96125eb35061e7a9","3a64eb6ac96805aad4fe41ef1fd44a0cdc2417d193f8c0852244780a3563ec98","50e6bf0e32c1bb9b0bddb689097a4a38a5d74a5bcf12b0fc8471f6b1f4cf50b1","2026-08-22T01:24:39.017288+00:00","autodl-container-78e6489fef-d01a013d","3.12.13","2.13.0+cpu","","tfenn_g_series_e311_mechanisms_cpu","G212","1ae64a564bed40f68c645aa9b9469f86","https://www.comet.com/jerry2/tfenn-g-series-e311-mechanisms-cpu/1ae64a564bed40f68c645aa9b9469f86","D:\Python\Projects\TFENN\outputs\01a01d6b-0968-72a2-8e04-492ad143a944\g_series_48_model_collection_20260822\raw\CPU\models\G212","True"
"CPU","cpu","G213","13","2","GPU","False","complete","500","501","36178","14925","e311_fixed_shape_audit","E311 fixed-shape mechanism audit","Direct carriers active except the a1 to out hidden shortcut","Measure the learned hidden-history carrier shortcut","candidate","False","True","True","direct","","496","1.1943372074177635e-05","1.2901404356477657e-05","1.3429227479377914e-05","1.3289494506204481e-05","0.0009378936233998289","112.54723480797946","0.001456450897402012","0.9999873946034062","38733.60784834623","77.11307704167068","True","4.4958080393046043e-07","2.1307934987046283e-07","1.0246489921911196e-05","132ea7df5455c159c9ad885f8b3dbbf8f35d24aca210125aa300aa3d6f7d1c75","efc7bcaf9ccc441246f0b14e73529cb58d157cf972b503c4e2e38c45b9cf9ef9","c3d2a52ac9236c5739798a7a096ec592abe55daa7d4a766c43ce099e7d7dc513","19049ecd3be60a35efe3dfe9f49ebab395898914b0125bb967153964e737c973","033e6097dcec22aeb049877666a0404d521ac378a574a2cd29b606ab6f57f6dc","d4bbe2abc0bacf173d3fbe426dd101e6933ef098f8b6a875591698aa7d8df5db","7455d7ceaf00673846cac9a226e2d073810bdca64e1d8527a5b089e1edeb2af1","3a64eb6ac96805aad4fe41ef1fd44a0cdc2417d193f8c0852244780a3563ec98","50e6bf0e32c1bb9b0bddb689097a4a38a5d74a5bcf12b0fc8471f6b1f4cf50b1","2026-08-22T05:58:40.497407+00:00","autodl-container-78e6489fef-d01a013d","3.12.13","2.13.0+cpu","","tfenn_g_series_e311_mechanisms_cpu","G213","91f62541c79748a18d2d0e6fa1bd5e3d","https://www.comet.com/jerry2/tfenn-g-series-e311-mechanisms-cpu/91f62541c79748a18d2d0e6fa1bd5e3d","D:\Python\Projects\TFENN\outputs\01a01d6b-0968-72a2-8e04-492ad143a944\g_series_48_model_collection_20260822\raw\CPU\models\G213","False"
"CPU","cpu","G214","14","2","GPU","False","complete","500","501","36178","14922","e311_fixed_shape_audit","E311 fixed-shape mechanism audit","Direct carriers active without deep raw or hidden shortcuts","Measure the interaction of raw-deep and hidden-deep carriers","candidate","False","True","True","direct","","500","8.792820180408922e-06","9.514405454156915e-06","1.0596650906791182e-05","9.514405454156915e-06","0.0007908077021677753","94.89692426013305","0.001255133344153657","0.9999906385191387","37559.582249403","74.61028606085479","True","2.5007735241869305e-07","2.4829982652126114e-07","5.838448319003104e-06","1ac0242b03f1d046959c41e3aa5cb2c8cd12b0b297179d0395af9f746bf2df51","efc7bcaf9ccc441246f0b14e73529cb58d157cf972b503c4e2e38c45b9cf9ef9","c3d2a52ac9236c5739798a7a096ec592abe55daa7d4a766c43ce099e7d7dc513","73c8d6fd3658e609ea0c24c7976681720d618acffd8de782a14dcbc1226c9cfb","23857e87ebd429418b658bfbf305d6e52fa8134a988ac0f79ba9e7531cdbd9b7","0e16e78c4c81545e96b28e7ff286de7ba2f3c7c925e53525ee9b18ad72b6ac68","87944e0b7456926e0754a66f4187f7d6343708fa92718131a9c52d42cf70d938","3a64eb6ac96805aad4fe41ef1fd44a0cdc2417d193f8c0852244780a3563ec98","50e6bf0e32c1bb9b0bddb689097a4a38a5d74a5bcf12b0fc8471f6b1f4cf50b1","2026-08-22T04:55:36.782189+00:00","autodl-container-78e6489fef-d01a013d","3.12.13","2.13.0+cpu","","tfenn_g_series_e311_mechanisms_cpu","G214","e06fb56a8f004336a08cdf6aded21c43","https://www.comet.com/jerry2/tfenn-g-series-e311-mechanisms-cpu/e06fb56a8f004336a08cdf6aded21c43","D:\Python\Projects\TFENN\outputs\01a01d6b-0968-72a2-8e04-492ad143a944\g_series_48_model_collection_20260822\raw\CPU\models\G214","False"
"CPU","cpu","G301","1","3","GPU","False","complete","500","501","36178","14926","e311_fixed_shape_audit","E311 fixed-shape mechanism audit","E311 control with generic pairs off and both STF directions active","Fresh paired-seed E311 control under the G CPU protocol","control","False","True","True","direct","","492","9.198905409210482e-06","1.0169503086647372e-05","1.0090257512729295e-05","1.3438185819183441e-05","0.00082582494891964","99.0989938703568","0.001282018957247218","0.9999902331680893","35259.77001015842","70.11726646895707","True","5.677759243557456e-07","3.338526850598862e-07","1.3528409187963366e-05","238a03fb758836c142e86d8182c88f2d36b18109f7de093b835b13b265cdc4b2","efc7bcaf9ccc441246f0b14e73529cb58d157cf972b503c4e2e38c45b9cf9ef9","c3d2a52ac9236c5739798a7a096ec592abe55daa7d4a766c43ce099e7d7dc513","2ce917246ff505ff3845099538b087defd8a7f7529c07ff07c53fd75fda8efee","bcfa08cb39d8b66b52e00d6845be7f8aca47760bf7fff250768306d5718bca05","6b311596521be7268399b5fff13d384e802b72d8b3c5032925bb0cc15fc3bc2e","31a9054336c57b07ebb72ec87b287d3e3a3e986ad144ac55f6eae011b9e9d0ca","3a64eb6ac96805aad4fe41ef1fd44a0cdc2417d193f8c0852244780a3563ec98","50e6bf0e32c1bb9b0bddb689097a4a38a5d74a5bcf12b0fc8471f6b1f4cf50b1","2026-08-22T08:45:56.952000+00:00","autodl-container-78e6489fef-d01a013d","3.12.13","2.13.0+cpu","","tfenn_g_series_e311_mechanisms_cpu","G301","0621dff3dcd14ebd8a510ee99fedd6aa","https://www.comet.com/jerry2/tfenn-g-series-e311-mechanisms-cpu/0621dff3dcd14ebd8a510ee99fedd6aa","D:\Python\Projects\TFENN\outputs\01a01d6b-0968-72a2-8e04-492ad143a944\g_series_48_model_collection_20260822\raw\CPU\models\G301","False"
"CPU","cpu","G302","2","3","GPU","False","complete","500","501","36178","14906","e311_fixed_shape_audit","E311 fixed-shape mechanism audit","Generic pairs off with only the a1 STF direction active","Measure the out-stage STF contribution","candidate","False","True","False","direct","","500","7.428349988380961e-06","7.978351324679872e-06","8.537791568130616e-06","7.978351324679872e-06","0.0007473022900916791","89.67627481100149","0.0011539893196184602","0.9999920865038046","35504.22823879123","70.64758996574581","True","2.1543016340948122e-07","2.443103603978286e-07","7.002640274672209e-06","0c48f3680f0734e62b82337b38a643c3b4d63556459e5607a79d284f273533cb","efc7bcaf9ccc441246f0b14e73529cb58d157cf972b503c4e2e38c45b9cf9ef9","c3d2a52ac9236c5739798a7a096ec592abe55daa7d4a766c43ce099e7d7dc513","9e8deeb3fa87accb8ef1c8c18e6206c1c1612eea76a9c8627aadbd5ee5cc76a1","ada18f62831135b0a84c9e7008becd24bc97f01225e09772958a76ba9bca400f","4f837db8ed85fffd09c26c6d73fd6b4afefe22c02e3589085bd1f55390734163","7bdb12fac74622c181d265d44b1449a1baf857a041af5f51f73e22e139bbf2c3","3a64eb6ac96805aad4fe41ef1fd44a0cdc2417d193f8c0852244780a3563ec98","50e6bf0e32c1bb9b0bddb689097a4a38a5d74a5bcf12b0fc8471f6b1f4cf50b1","2026-08-22T08:42:55.380494+00:00","autodl-container-78e6489fef-d01a013d","3.12.13","2.13.0+cpu","","tfenn_g_series_e311_mechanisms_cpu","G302","5ab387954bee45d5a312e23131d4fec1","https://www.comet.com/jerry2/tfenn-g-series-e311-mechanisms-cpu/5ab387954bee45d5a312e23131d4fec1","D:\Python\Projects\TFENN\outputs\01a01d6b-0968-72a2-8e04-492ad143a944\g_series_48_model_collection_20260822\raw\CPU\models\G302","False"
"CPU","cpu","G303","3","3","GPU","False","complete","500","501","36178","14906","e311_fixed_shape_audit","E311 fixed-shape mechanism audit","Generic pairs off with only the out STF direction active","Measure the a1-stage STF contribution","candidate","False","False","True","direct","","497","1.3260749199873156e-05","1.6729320859160186e-05","1.9641100976741654e-05","1.7711859346950655e-05","0.0009888357480729295","118.66028976875154","0.001581813902900407","0.9999851312110919","37177.45279151201","74.0182591713667","True","2.964510544105483e-07","2.7477280085949355e-07","8.946458110275404e-06","36225d68cea4581fbcde48fda4dd76d8b14198f9c8ea35e59ed237c94dbfd815","efc7bcaf9ccc441246f0b14e73529cb58d157cf972b503c4e2e38c45b9cf9ef9","c3d2a52ac9236c5739798a7a096ec592abe55daa7d4a766c43ce099e7d7dc513","ef7491167374a2170128ed7efcd6e7e671f013bad39d55509e3bc5f0bb06c382","5d56108752fb6e84a66c156ce0d6c72bc1490ce8cf1cbdca526585df2d78a85d","6619050c7f33e24ad39c96b09f8f4b5af68188ad406ab9e06d3f885a828dcbe1","0be029880e2cd41e94063b4e9584c4623907f1e43c53a5f734755ad05b94ec5f","3a64eb6ac96805aad4fe41ef1fd44a0cdc2417d193f8c0852244780a3563ec98","50e6bf0e32c1bb9b0bddb689097a4a38a5d74a5bcf12b0fc8471f6b1f4cf50b1","2026-08-22T04:59:04.611544+00:00","autodl-container-78e6489fef-d01a013d","3.12.13","2.13.0+cpu","","tfenn_g_series_e311_mechanisms_cpu","G303","0cf4f1ec4dd640fc8ec2fadf6cac356f","https://www.comet.com/jerry2/tfenn-g-series-e311-mechanisms-cpu/0cf4f1ec4dd640fc8ec2fadf6cac356f","D:\Python\Projects\TFENN\outputs\01a01d6b-0968-72a2-8e04-492ad143a944\g_series_48_model_collection_20260822\raw\CPU\models\G303","False"
"CPU","cpu","G304","4","3","GPU","False","complete","500","501","36178","14886","e311_fixed_shape_audit","E311 fixed-shape mechanism audit","Generic pairs off with both covariant STF directions inactive","Measure the combined covariant STF contribution","candidate","False","False","False","direct","","497","1.5239109504521562e-05","1.6641028195375656e-05","1.8218290148297455e-05","2.8090438376369124e-05","0.0010322564070653828","123.87076884784594","0.0016954806075410288","0.9999829175376279","36582.389203347266","72.761047348395","True","2.2599102536985025e-07","2.1263661696273864e-07","1.2878811445723614e-05","58aa6f7c05c67351f82bd03ab00ce40af54ab7bdf307fc3a9cdb4b2bf4c7e02e","efc7bcaf9ccc441246f0b14e73529cb58d157cf972b503c4e2e38c45b9cf9ef9","c3d2a52ac9236c5739798a7a096ec592abe55daa7d4a766c43ce099e7d7dc513","01072bec04efe000115ceea5269218f6c20f64e5e50afaba5e9dba00651ce830","8d62bf7897ed1c6b722d4eb1f5d22d5aa5dbdd25c36c6e1c487101e2fc0d145f","bd0d5f32af727f777f55f92db62c4c2cb7ad5c081555741bd7dc87794bdc2ba1","40e571593480ac1cdd753aafe5974739f20049b0d1ea4e760809815c3b4b441c","3a64eb6ac96805aad4fe41ef1fd44a0cdc2417d193f8c0852244780a3563ec98","50e6bf0e32c1bb9b0bddb689097a4a38a5d74a5bcf12b0fc8471f6b1f4cf50b1","2026-08-22T04:52:18.834786+00:00","autodl-container-78e6489fef-d01a013d","3.12.13","2.13.0+cpu","","tfenn_g_series_e311_mechanisms_cpu","G304","399c6aa8548242dabd40d11b5dd3f6b0","https://www.comet.com/jerry2/tfenn-g-series-e311-mechanisms-cpu/399c6aa8548242dabd40d11b5dd3f6b0","D:\Python\Projects\TFENN\outputs\01a01d6b-0968-72a2-8e04-492ad143a944\g_series_48_model_collection_20260822\raw\CPU\models\G304","False"
"CPU","cpu","G305","5","3","GPU","False","complete","500","501","36178","36079","e311_fixed_shape_audit","E311 fixed-shape mechanism audit","Generic raw-containing pair covariants and both STF directions active","Add the generic pair bank to the E311 mechanism","candidate","True","True","True","direct","","498","9.348311653312843e-06","1.001218064386954e-05","1.6082451359977767e-05","1.1072108870034548e-05","0.0008174051523720725","98.0886182846487","0.0012908068433233042","0.9999900988112992","43734.10267712176","86.9438282814771","True","3.0642800987358733e-07","2.4036941801846016e-07","8.238733870998311e-06","1b5c717070b7722f60d649c792cae3a936a2ac686311679fd0129f82292f0658","efc7bcaf9ccc441246f0b14e73529cb58d157cf972b503c4e2e38c45b9cf9ef9","c3d2a52ac9236c5739798a7a096ec592abe55daa7d4a766c43ce099e7d7dc513","80ac60a4e8baaa88c0c791dafb93804214d99b3e780075692ebc47f2ddc70d0e","7ce6c327088ca16367ccb97eec3655f381b7ce414de170e52b9e7d8b2b795461","8d64f13d79873887571d89310492e29b36a0ce376c6f9bcef5fe6f590d9f6055","1742f467d2703d36c821670ee369dc4756e4694f1c362e0e808e0860958bd649","3a64eb6ac96805aad4fe41ef1fd44a0cdc2417d193f8c0852244780a3563ec98","50e6bf0e32c1bb9b0bddb689097a4a38a5d74a5bcf12b0fc8471f6b1f4cf50b1","2026-08-22T14:02:32.493189+00:00","autodl-container-78e6489fef-d01a013d","3.12.13","2.13.0+cpu","","tfenn_g_series_e311_mechanisms_cpu","G305","3dc99f4590a74ebf84ce48ca0126057d","https://www.comet.com/jerry2/tfenn-g-series-e311-mechanisms-cpu/3dc99f4590a74ebf84ce48ca0126057d","D:\Python\Projects\TFENN\outputs\01a01d6b-0968-72a2-8e04-492ad143a944\g_series_48_model_collection_20260822\raw\CPU\models\G305","False"
"CPU","cpu","G306","6","3","GPU","False","complete","500","501","36178","36059","e311_fixed_shape_audit","E311 fixed-shape mechanism audit","Generic pair covariants with only the a1 STF direction active","Test generic-pair substitution for the out STF direction","candidate","True","True","False","direct","","498","2.561168457336064e-06","2.964676287021484e-06","7.433562347358702e-06","4.535069308382865e-06","0.0004370379321225879","52.444551854710554","0.0006868390002275358","0.9999971966668418","43686.94591079652","86.85524030698836","True","2.778002187939196e-07","2.0979619521007656e-07","1.5995955208618683e-05","868fa1b8d284d1644ee7973cf258d8430d9ccd3290d0fc5530e9407965f813e3","efc7bcaf9ccc441246f0b14e73529cb58d157cf972b503c4e2e38c45b9cf9ef9","c3d2a52ac9236c5739798a7a096ec592abe55daa7d4a766c43ce099e7d7dc513","8dbf02eb628adf03491b5bab98e5013d52422a1f1548bf673f0facb585375cb6","f4436a69cba6326af8f8fbfef4d674d1a836ca41ea96ebd87e2f802bffc34f07","f5d63a20d4e3e97646a29a71a05d8d60e37132452691562e1c7a05689c9aeb81","5d474d8e37cef368c3384e4cc3c2e76fd55413a223c9f41bfcbc001643eebffd","3a64eb6ac96805aad4fe41ef1fd44a0cdc2417d193f8c0852244780a3563ec98","50e6bf0e32c1bb9b0bddb689097a4a38a5d74a5bcf12b0fc8471f6b1f4cf50b1","2026-08-22T13:33:03.503620+00:00","autodl-container-78e6489fef-d01a013d","3.12.13","2.13.0+cpu","","tfenn_g_series_e311_mechanisms_cpu","G306","97e1eb34b1ac4edb8efab8e9b93e47e9","https://www.comet.com/jerry2/tfenn-g-series-e311-mechanisms-cpu/97e1eb34b1ac4edb8efab8e9b93e47e9","D:\Python\Projects\TFENN\outputs\01a01d6b-0968-72a2-8e04-492ad143a944\g_series_48_model_collection_20260822\raw\CPU\models\G306","False"
"CPU","cpu","G307","7","3","GPU","False","complete","500","501","36178","36059","e311_fixed_shape_audit","E311 fixed-shape mechanism audit","Generic pair covariants with only the out STF direction active","Test generic-pair substitution for the a1 STF direction","candidate","True","False","True","direct","","496","5.68380165980281e-06","6.163563532564046e-06","1.3345620274662906e-05","6.259259992538226e-06","0.0006579474222536167","78.953690670434","0.0010298435243430233","0.999993697580544","41039.70354168117","81.6450785933882","True","2.438873009996396e-07","1.963008425525641e-07","1.3215483967702988e-05","12c32f3439ef83a3888893c6f5fd2dd3283526117d17dd511591b284f7808370","efc7bcaf9ccc441246f0b14e73529cb58d157cf972b503c4e2e38c45b9cf9ef9","c3d2a52ac9236c5739798a7a096ec592abe55daa7d4a766c43ce099e7d7dc513","ff0fb75a612aa7e8767ff21defeb07dd3b946529802a9508d242914a811a3c6b","203e4ab1c28c5f3d5967f5b612200fb8fecf2e1a347509c3cad513776d1ff745","5eecfdd4e9e1bad20c3a3f0e060e4ac59cbec95cfdbb83ca03f6ec73e99297fe","822b7262a850ff4ef2d18e67a2c09eba98f076086d497acffce49fb4d5c11a47","3a64eb6ac96805aad4fe41ef1fd44a0cdc2417d193f8c0852244780a3563ec98","50e6bf0e32c1bb9b0bddb689097a4a38a5d74a5bcf12b0fc8471f6b1f4cf50b1","2026-08-22T17:22:59.757475+00:00","autodl-container-78e6489fef-d01a013d","3.12.13","2.13.0+cpu","","tfenn_g_series_e311_mechanisms_cpu","G307","96181228c97c435d8cf1d5d9f81a077e","https://www.comet.com/jerry2/tfenn-g-series-e311-mechanisms-cpu/96181228c97c435d8cf1d5d9f81a077e","D:\Python\Projects\TFENN\outputs\01a01d6b-0968-72a2-8e04-492ad143a944\g_series_48_model_collection_20260822\raw\CPU\models\G307","False"
"CPU","cpu","G308","8","3","GPU","False","complete","500","501","36178","36039","e311_fixed_shape_audit","E311 fixed-shape mechanism audit","Generic pair covariants active with both STF directions inactive","Test the generic pair bank without covariant STF directions","candidate","True","False","False","direct","","489","4.738733464373239e-06","5.213704751202593e-06","6.336579189536451e-06","5.739939047463005e-06","0.0005796192946266589","69.55431535519907","0.0009300679709781986","0.9999948596321746","41732.13890425861","82.9803227495104","True","4.3908530423228397e-07","2.313125523301401e-07","1.3392122158601751e-05","93d742ffe32a380c75ff19c88300e3dd12eb8ce2850e62424872cb16bc0298f8","efc7bcaf9ccc441246f0b14e73529cb58d157cf972b503c4e2e38c45b9cf9ef9","c3d2a52ac9236c5739798a7a096ec592abe55daa7d4a766c43ce099e7d7dc513","003f6598ead75b69ae5331ed3b9fe3b470c098b93b30ac2c60f03d4393f333fa","0830554a0db85010492eb0ddfcff6c2b01015e32b399b0a380c426f6b9815224","26f2e67bb5db01310f91d16be5d89244d25f6563ed94910d430f1a71adfbb3e6","85ea8ec96cc1263e74d279d70e01cc6af3cb9cd08a86242bb3177087137a768a","3a64eb6ac96805aad4fe41ef1fd44a0cdc2417d193f8c0852244780a3563ec98","50e6bf0e32c1bb9b0bddb689097a4a38a5d74a5bcf12b0fc8471f6b1f4cf50b1","2026-08-22T16:31:25.659420+00:00","autodl-container-78e6489fef-d01a013d","3.12.13","2.13.0+cpu","","tfenn_g_series_e311_mechanisms_cpu","G308","bf0da7ce9d4e459791ab360390ee2636","https://www.comet.com/jerry2/tfenn-g-series-e311-mechanisms-cpu/bf0da7ce9d4e459791ab360390ee2636","D:\Python\Projects\TFENN\outputs\01a01d6b-0968-72a2-8e04-492ad143a944\g_series_48_model_collection_20260822\raw\CPU\models\G308","True"
"CPU","cpu","G309","9","3","GPU","False","complete","500","501","36178","14913","e311_fixed_shape_audit","E311 fixed-shape mechanism audit","All direct same-TypeKey carriers inactive","Test whether the complete direct carrier bundle is necessary","candidate","False","True","True","none","","495","7.432072266550155e-06","7.9309875623354e-06","1.0334165456526988e-05","9.36531361304979e-06","0.0007365678367879787","88.38814041455744","0.0011446967482762699","0.9999922134385121","29837.42579856515","59.34757575109601","True","2.0886658962337838e-07","2.1496078874243387e-07","7.93867711985745e-06","218c618d9ca91276dac9604c731e3eaa37d509a4089ce7e7db9e29fb5b181bad","efc7bcaf9ccc441246f0b14e73529cb58d157cf972b503c4e2e38c45b9cf9ef9","c3d2a52ac9236c5739798a7a096ec592abe55daa7d4a766c43ce099e7d7dc513","96756ee0db720f0a44a949d733051263e8cc08aae2f28d6392eb49e3d53ae4ca","e79ddd3bc3ee144e0c07a9ab9f0c7ad93a4fe6dabae0434fcee867c6d48cee89","f160e8ae5d74e30f27f3ef47d53a68c24dac8ecc1c87b2787603d35284bd9b4d","88abd1a6aa4fea195de82460b70ddb42ab5e5fa95a56dbf874ecdfbbab250b0e","3a64eb6ac96805aad4fe41ef1fd44a0cdc2417d193f8c0852244780a3563ec98","50e6bf0e32c1bb9b0bddb689097a4a38a5d74a5bcf12b0fc8471f6b1f4cf50b1","2026-08-22T17:03:34.529914+00:00","autodl-container-78e6489fef-d01a013d","3.12.13","2.13.0+cpu","","tfenn_g_series_e311_mechanisms_cpu","G309","46aba77c5024431584b91b9712e22f7a","https://www.comet.com/jerry2/tfenn-g-series-e311-mechanisms-cpu/46aba77c5024431584b91b9712e22f7a","D:\Python\Projects\TFENN\outputs\01a01d6b-0968-72a2-8e04-492ad143a944\g_series_48_model_collection_20260822\raw\CPU\models\G309","True"
"CPU","cpu","G310","10","3","GPU","False","complete","500","501","36178","15025","e311_fixed_shape_audit","E311 fixed-shape mechanism audit","Gated identity carriers with residual-zero initialization","Test a learnable carrier initialized as the direct identity route","candidate","False","True","True","gated_identity","residual_zero","499","8.64898782057498e-06","9.150385289920445e-06","1.178357577487077e-05","9.598178199184093e-06","0.0008109293681972841","97.3115241836741","0.0012451557248583072","0.9999907867647927","30257.1520440951","60.188509614214304","True","5.577169788807509e-07","4.141468915714225e-07","1.1427658220082061e-05","de3f63447c14662b5f9b8d9beeb02decbc853fd7e257900d94ba5691ae2f0cab","efc7bcaf9ccc441246f0b14e73529cb58d157cf972b503c4e2e38c45b9cf9ef9","c3d2a52ac9236c5739798a7a096ec592abe55daa7d4a766c43ce099e7d7dc513","b93f7f0c40724a4a5fa8823b3050800c40c1eea8497c7d43cbb98d0e0f0deb7d","d598bbc2da0ff34e1d69c20dcc4e36e0a4fa47e73792f4590dd29468a91949cd","6eec22f57af273754727c2b3528f635566841244dd9b4bcfe5dda0522dc505ed","f3932cf8b77b84289298cb5c0c187a10e9322596aba9c354d3ab6b335380a653","3a64eb6ac96805aad4fe41ef1fd44a0cdc2417d193f8c0852244780a3563ec98","50e6bf0e32c1bb9b0bddb689097a4a38a5d74a5bcf12b0fc8471f6b1f4cf50b1","2026-08-22T17:07:33.923488+00:00","autodl-container-78e6489fef-d01a013d","3.12.13","2.13.0+cpu","","tfenn_g_series_e311_mechanisms_cpu","G310","fe2e1c4fa34247a69eef7f83ba8b65ce","https://www.comet.com/jerry2/tfenn-g-series-e311-mechanisms-cpu/fe2e1c4fa34247a69eef7f83ba8b65ce","D:\Python\Projects\TFENN\outputs\01a01d6b-0968-72a2-8e04-492ad143a944\g_series_48_model_collection_20260822\raw\CPU\models\G310","True"
"CPU","cpu","G311","11","3","GPU","False","complete","500","501","36178","15025","e311_fixed_shape_audit","E311 fixed-shape mechanism audit","Gated identity carriers with default initialization","Separate carrier availability from its initialization and optimization","candidate","False","True","True","gated_identity","default","498","1.1713452100135211e-05","1.255374666897249e-05","1.2951079577305791e-05","1.6146926112927277e-05","0.0009286136148366975","111.4336337804037","0.0014287899239098457","0.9999878688610592","31768.422872059047","63.125562090739606","True","2.1263142455820493e-07","2.3766486687774363e-07","6.595491602324074e-06","ce62fcede0885ed8b90d6a9b09d0244790c6401e81078a6cdbcb67cd7dc34c67","efc7bcaf9ccc441246f0b14e73529cb58d157cf972b503c4e2e38c45b9cf9ef9","c3d2a52ac9236c5739798a7a096ec592abe55daa7d4a766c43ce099e7d7dc513","bcab5704347747ccb0d027864969d5eadbdc86d0c10912ef7f38899eb4339213","7590eb06697a6284e05bc5652447eed174be47826567b26480a369d23a942fed","8dc6e50d53fda4788a605393db1fc5c077c5f2fbc0bd872f78a6b3ba2fdeb378","042f2fa6cefae788074f6e5a9b6ceb732d54262afe0f0428931220d8ba5ae6a8","3a64eb6ac96805aad4fe41ef1fd44a0cdc2417d193f8c0852244780a3563ec98","50e6bf0e32c1bb9b0bddb689097a4a38a5d74a5bcf12b0fc8471f6b1f4cf50b1","2026-08-22T13:48:50.859360+00:00","autodl-container-78e6489fef-d01a013d","3.12.13","2.13.0+cpu","","tfenn_g_series_e311_mechanisms_cpu","G311","7f583b5684634951bb5678f0ef9d3d2f","https://www.comet.com/jerry2/tfenn-g-series-e311-mechanisms-cpu/7f583b5684634951bb5678f0ef9d3d2f","D:\Python\Projects\TFENN\outputs\01a01d6b-0968-72a2-8e04-492ad143a944\g_series_48_model_collection_20260822\raw\CPU\models\G311","True"
"CPU","cpu","G312","12","3","GPU","False","complete","500","501","36178","14923","e311_fixed_shape_audit","E311 fixed-shape mechanism audit","Direct carriers active except deep raw shortcuts","Measure r to b2 and x to out carrier shortcuts","candidate","False","True","True","direct","","497","6.9258873189222325e-06","7.225549231834644e-06","7.412376717752522e-06","1.1144730881882551e-05","0.0007261826730556429","87.14192076667715","0.0011202436088101867","0.9999925425599822","31860.882514491677","63.32641460157931","True","2.623158587504047e-07","2.8666198294643495e-07","6.307075528745046e-06","045b03b8ab1080fdc776f1477fa62eecff06fd542dec5a72f876afca3d72d8c9","efc7bcaf9ccc441246f0b14e73529cb58d157cf972b503c4e2e38c45b9cf9ef9","c3d2a52ac9236c5739798a7a096ec592abe55daa7d4a766c43ce099e7d7dc513","504511f3335b090dc0dfc36269e7f900152c820354542fd4d244a40a4dfc3d51","cf85e000a49df4c4bd81442a0d8d40a288448182a50aaf065c87ff2c239f06ee","ba9e06db8915125916e4b076ddec6ba8112b38f1d5e3301c649b29d92b5d0d0d","2ad62e8ed5e31ad549a4d2c48eeccb9e1b15671079b0fda698035d7e3ba91ced","3a64eb6ac96805aad4fe41ef1fd44a0cdc2417d193f8c0852244780a3563ec98","50e6bf0e32c1bb9b0bddb689097a4a38a5d74a5bcf12b0fc8471f6b1f4cf50b1","2026-08-22T13:43:38.153425+00:00","autodl-container-78e6489fef-d01a013d","3.12.13","2.13.0+cpu","","tfenn_g_series_e311_mechanisms_cpu","G312","c57be6f3a8e24fb78998d31a9faf8ea4","https://www.comet.com/jerry2/tfenn-g-series-e311-mechanisms-cpu/c57be6f3a8e24fb78998d31a9faf8ea4","D:\Python\Projects\TFENN\outputs\01a01d6b-0968-72a2-8e04-492ad143a944\g_series_48_model_collection_20260822\raw\CPU\models\G312","True"
"CPU","cpu","G313","13","3","GPU","False","complete","500","501","36178","14925","e311_fixed_shape_audit","E311 fixed-shape mechanism audit","Direct carriers active except the a1 to out hidden shortcut","Measure the learned hidden-history carrier shortcut","candidate","False","True","True","direct","","495","1.6252507060203897e-05","1.7181933968078715e-05","2.125303371656173e-05","1.9818767365142396e-05","0.001088302711799514","130.5963254159417","0.0016958070742151886","0.9999829109585003","29605.768203355372","58.88053892056644","True","2.1290133036739145e-07","2.1713516222258676e-07","1.2593653030299621e-05","36ae3c5fd89ead32314b49039cf1a2365f0adbe212fe6aedb34d691d5a15972d","efc7bcaf9ccc441246f0b14e73529cb58d157cf972b503c4e2e38c45b9cf9ef9","c3d2a52ac9236c5739798a7a096ec592abe55daa7d4a766c43ce099e7d7dc513","ceeaee0fdc6a1de50bbc5667ca8ba0641e35ee69335bce36f8798552bce40e59","6702c4976b5ee3243431fc3714a32bc0640369f0cf3e546aed9865fa2e13b459","7721852cfb8db5913644884038448968560be0ada86419249674f1005fc85173","cd7733870009151bfa0a9e304f745a5f2b2cd725879eaf2205ceb144724490e4","3a64eb6ac96805aad4fe41ef1fd44a0cdc2417d193f8c0852244780a3563ec98","50e6bf0e32c1bb9b0bddb689097a4a38a5d74a5bcf12b0fc8471f6b1f4cf50b1","2026-08-22T22:16:20.507300+00:00","autodl-container-78e6489fef-d01a013d","3.12.13","2.13.0+cpu","","tfenn_g_series_e311_mechanisms_cpu","G313","ac0dd6d6974944ab8aa03d671f2de877","https://www.comet.com/jerry2/tfenn-g-series-e311-mechanisms-cpu/ac0dd6d6974944ab8aa03d671f2de877","D:\Python\Projects\TFENN\outputs\01a01d6b-0968-72a2-8e04-492ad143a944\g_series_48_model_collection_20260822\raw\CPU\models\G313","True"
"CPU","cpu","G314","14","3","GPU","False","complete","500","501","36178","14922","e311_fixed_shape_audit","E311 fixed-shape mechanism audit","Direct carriers active without deep raw or hidden shortcuts","Measure the interaction of raw-deep and hidden-deep carriers","candidate","False","True","True","direct","","492","9.61801917370105e-06","1.033542244881002e-05","1.1876854415504567e-05","1.1675325115118896e-05","0.0008424631267509105","101.09557521010926","0.0013083404225406024","0.9999898280003084","29749.65593228489","59.15947592191398","True","3.636253120972618e-07","2.443924071612038e-07","7.169255672123483e-06","7542064cccff3656c5cd38f09f80497148a77c8141e062630f9d167a1e265cf7","efc7bcaf9ccc441246f0b14e73529cb58d157cf972b503c4e2e38c45b9cf9ef9","c3d2a52ac9236c5739798a7a096ec592abe55daa7d4a766c43ce099e7d7dc513","8ee91a2203eabaf0a6454bc698408956385ca5b088a1a37f6cdcfe583d04d5a6","b3fc81aaf40d18d27669fe527e4ad60a005da9421bbe2f54ae9310cd9b03b771","bfd5c810528e69704aa5bc672d1bdabd007c1bdd344f6368540936051268e8b6","ca50a4691c565786d800d3777425562c897107f32ff02f1d0a94fef52f52114e","3a64eb6ac96805aad4fe41ef1fd44a0cdc2417d193f8c0852244780a3563ec98","50e6bf0e32c1bb9b0bddb689097a4a38a5d74a5bcf12b0fc8471f6b1f4cf50b1","2026-08-22T21:49:36.140970+00:00","autodl-container-78e6489fef-d01a013d","3.12.13","2.13.0+cpu","","tfenn_g_series_e311_mechanisms_cpu","G314","9b6d2c1fd52449ada3ce960ee45245bd","https://www.comet.com/jerry2/tfenn-g-series-e311-mechanisms-cpu/9b6d2c1fd52449ada3ce960ee45245bd","D:\Python\Projects\TFENN\outputs\01a01d6b-0968-72a2-8e04-492ad143a944\g_series_48_model_collection_20260822\raw\CPU\models\G314","True"
